mos,name
53.832069396972656,Picture2.png
63.082313537597656,Noisy Lady.png
61.66872787475586,Picture3.jpg
78.96265411376953,Picture1.jpg
